Species# guide;Family;Genus;species;Scientific Name;Link Scientific name to Description in Cajas Flora;Flora base link;flora key;Author;;flower color1;flower color2;Life form1/forma de vida;Life form2/forma de vida;3. Photographer;4. Copyright;5. Photo date;8. Photo local    ;Link Scientif Name to Names in Tropicos;tropicos id;tropicos link
9;Rubiaceae;Arcytophyllum;filiforme;Arcytophyllum filiforme;Arcytophyllum filiforme (Ruiz & Pav.) Standl.;http://www.mobot.org/MOBOT/paramo/search_paramo.asp?searchFor=;Arcytophyllum+filiforme;9. Arcytophyllum filiforme (Ruiz & Pav.) Standl.;;white;;cushion;;C. Ulloa;C. Ulloa;2003;Páramo del Cajas, Ecuador;http://www.tropicos.org/Name/;27904079;http://www.tropicos.org/Name/27904079
10;Rubiaceae;Arcytophyllum;vernicosum;Arcytophyllum vernicosum;Arcytophyllum vernicosum Standl.;http://www.mobot.org/MOBOT/paramo/search_paramo.asp?searchFor=;Arcytophyllum+vernicosum;10. Arcytophyllum vernicosum (Ruiz & Pav.) Standl.;;white;;shrub;;C. Ulloa;C. Ulloa;2003;Páramo del Cajas, Ecuador;http://www.tropicos.org/Name/;27909983;http://www.tropicos.org/Name/27909983
85;Apiaceae ;Arracacia;elata;Arracacia elata;Arracacia elata Wolff;http://www.mobot.org/MOBOT/paramo/search_paramo.asp?searchFor=;Arracacia+elata;85. Arracacia elata Wolff;;green;;herb;;C. Ulloa;C. Ulloa;2003;Páramo del Cajas, Ecuador;http://www.tropicos.org/Name/;1700589;http://www.tropicos.org/Name/1700589
86;Apiaceae;Azorella;pedunculata;Azorella pedunculata;Azorella pedunculata (Spreng.) Mathias & Constance;http://www.mobot.org/MOBOT/paramo/search_paramo.asp?searchFor=;Azorella+pedunculata;86. Azorella pedunculata (Spreng.) Mathias & Constance;;green;;cushion;herb;C. Ulloa;C. Ulloa;2003;Páramo del Cajas, Ecuador;http://www.tropicos.org/Name/;1703586;http://www.tropicos.org/Name/1703586
26;Asteraceae ;Baccharis;caespitosa;Baccharis caespitosa;Baccharis caespitosa (Ruiz & Pav.) Pers.;http://www.mobot.org/MOBOT/paramo/search_paramo.asp?searchFor=;Baccharis+caespitosa;26. Baccharis caespitosa (Lam.) Pers.;;white;;shrub;;C. Ulloa;C. Ulloa;2003;Páramo del Cajas, Ecuador;http://www.tropicos.org/Name/;2722892;http://www.tropicos.org/Name/2722892
27;Asteraceae ;Baccharis;genistelloides;Baccharis genistelloides;Baccharis genistelloides (Lam.) Pers.;http://www.mobot.org/MOBOT/paramo/search_paramo.asp?searchFor=;Baccharis+genistelloides;27. Baccharis genistelloides (Lam.) Pers.;;white;;shrub;;C. Ulloa;C. Ulloa;2003;Páramo del Cajas, Ecuador;http://www.tropicos.org/Name/;2722899;http://www.tropicos.org/Name/2722899
89;Orobanchaceae;Bartsia;laticrenata;Bartsia laticrenata;Bartsia laticrenata Benth.;http://www.mobot.org/MOBOT/paramo/search_paramo.asp?searchFor=;Bartsia+laticrenata;89. Bartsia laticrenata Benth.;;green;pink;herb;;C. Ulloa;C. Ulloa;2003;Páramo del Cajas, Ecuador;http://www.tropicos.org/Name/;29200505;http://www.tropicos.org/Name/29200505
61;Orobanchaceae;Bartsia;pedicularioides;Bartsia pedicularioides;Bartsia pedicularioides Benth.;http://www.mobot.org/MOBOT/paramo/search_paramo.asp?searchFor=;Bartsia+pedicularioides;61. Bartsia pedicularioides (Kunth) Benth.;;pink;;herb;;C. Ulloa;C. Ulloa;2003;Páramo del Cajas, Ecuador;http://www.tropicos.org/Name/;29200512;http://www.tropicos.org/Name/29200512
30;Berberidaceae;Berberis;lutea;Berberis lutea;Berberis lutea Ruiz & Pav.;http://www.mobot.org/MOBOT/paramo/search_paramo.asp?searchFor=;Berberis+lutea;30. Berberis lutea Ruiz & Pav.;;yellow;orange;shrub;;C. Ulloa;C. Ulloa;2003;Páramo del Cajas, Ecuador;http://www.tropicos.org/Name/;3500102;http://www.tropicos.org/Name/3500102
66;Alstroemeriaceae;Bomarea;glaucescens;Bomarea glaucescens;Bomarea glaucescens (Kunth) Baker;http://www.mobot.org/MOBOT/paramo/search_paramo.asp?searchFor=;Bomarea+glaucescens;66. Bomarea glaucescens (Kunth) Baker;;pink;;herb;;C. Ulloa;C. Ulloa;2003;Páramo del Cajas, Ecuador;http://www.tropicos.org/Name/;1200216;http://www.tropicos.org/Name/1200216
77;Melastomataceae;Brachyotum;jamesonii;Brachyotum jamesonii;Brachyotum jamesonii Triana;http://www.mobot.org/MOBOT/paramo/search_paramo.asp?searchFor=;Brachyotum+jamesonii;77. Brachyotum jamesonii Triana;;purple;;shrub;;C. Ulloa;C. Ulloa;2003;Páramo del Cajas, Ecuador;http://www.tropicos.org/Name/;20300412;http://www.tropicos.org/Name/20300412
99;Poaceae o Gramineae;Calamagrostis;intermedia;Calamagrostis intermedia;Calamagrostis intermedia (J. Presl) Steud.;http://www.mobot.org/MOBOT/paramo/search_paramo.asp?searchFor=;Calamagrostis+intermedia;99. Calamagrostis intermedia (J. Presl) Steud.;;brown;;grass;herb;P. M. J�rgensen;P. M. J�rgensen;2003;Páramo del Cajas, Ecuador;http://www.tropicos.org/Name/;25512876;http://www.tropicos.org/Name/25512876
59;Portulacaceae;Calandrinia;acaulis;Calandrinia acaulis;Calandrinia acaulis Kunth;http://www.mobot.org/MOBOT/paramo/search_paramo.asp?searchFor=;Calandrinia+acaulis;59. Calandrinia acaulis Kunth;;pink;purple;rosette;;P. M. J�rgensen;P. M. J�rgensen;2003;Páramo del Cajas, Ecuador;http://www.tropicos.org/Name/;26200245;http://www.tropicos.org/Name/26200245
36;Calceolariaceae;Calceolaria;rosmarinifolia;Calceolaria rosmarinifolia;Calceolaria rosmarinifolia Lam.;http://www.mobot.org/MOBOT/paramo/search_paramo.asp?searchFor=;Calceolaria+rosmarinifolia;36. Calceolaria rosmarinifolia Lam.;;yellow;;herb;;C. Ulloa;C. Ulloa;2003;Páramo del Cajas, Ecuador;http://www.tropicos.org/Name/;29200665;http://www.tropicos.org/Name/29200665
53;Brassicaceae;Cardamine;jamesonii;Cardamine jamesonii;Cardamine jamesonii Hook.;http://www.mobot.org/MOBOT/paramo/search_paramo.asp?searchFor=;Cardamine+jamesonii;53. Cardamine jamesonii Hook.;;pink;;herb;;C. Ulloa;C. Ulloa;2003;Páramo del Cajas, Ecuador;http://www.tropicos.org/Name/;4101583;http://www.tropicos.org/Name/4101583
88;Orobanchaceae;Castilleja;fissifolia;Castilleja fissifolia;Castilleja fissifolia L. f.;http://www.mobot.org/MOBOT/paramo/search_paramo.asp?searchFor=;Castilleja+fissifolia;88. Castilleja fissifolia N. Holmgren;;red;green;herb;;-;-;2003;Páramo del Cajas, Ecuador;http://www.tropicos.org/Name/;29202221;http://www.tropicos.org/Name/29202221
6;Caryophyllaceae;Cerastium;floccosum;Cerastium floccosum;Cerastium floccosum Benth;http://www.mobot.org/MOBOT/paramo/search_paramo.asp?searchFor=;Cerastium+floccosum;6. Cerastium floccosum Benth;;white;;herb;;C. Ulloa;C. Ulloa;2003;Páramo del Cajas, Ecuador;http://www.tropicos.org/Name/;6300620;http://www.tropicos.org/Name/6300620
49;Asteraceae  ;Chuquiraga;jussieui;Chuquiraga jussieui;Chuquiraga jussieui J. F. Gmelin;http://www.mobot.org/MOBOT/paramo/search_paramo.asp?searchFor=;Chuquiraga+jussieui;49. Chuquiraga jussieui J. F. Gmelin;;orange;;shrub;;C. Ulloa;C. Ulloa;2003;Páramo del Cajas, Ecuador;http://www.tropicos.org/Name/;2728050;http://www.tropicos.org/Name/2728050
70;Lamiaceae;Clinopodium;nubigenum;Clinopodium nubigenum;Clinopodium nubigenum (Kunth) Kuntze;http://www.mobot.org/MOBOT/paramo/search_paramo.asp?searchFor=;Clinopodium+nubigenum;70. Clinopodium nubigenum (Kunth) Kuntze;;purple;;rosette;herb;C. Ulloa;C. Ulloa;2003;Páramo del Cajas, Ecuador;http://www.tropicos.org/Name/;17605046;http://www.tropicos.org/Name/17605046
21;Asteraceae ;Diplostephium;ericoides;Diplostephium ericoides;Diplostephium ericoides (Lam.) Cabrera;http://www.mobot.org/MOBOT/paramo/search_paramo.asp?searchFor=;Diplostephium+ericoides;21. Diplostephium ericoides (Lam.) Cabrera;;yellow;;shrub;;C. Ulloa;C. Ulloa;2003;Páramo del Cajas, Ecuador;http://www.tropicos.org/Name/;2733144;http://www.tropicos.org/Name/2733144
80;Asteraceae  ;Diplostephium;glandulosum;Diplostephium glandulosum;Diplostephium glandulosum Hieron.;http://www.mobot.org/MOBOT/paramo/search_paramo.asp?searchFor=;Diplostephium+glandulosum;80. Diplostephium glandulosum Hieron.;;yellow;;shrub;;-;-;2003;Páramo del Cajas, Ecuador;http://www.tropicos.org/Name/;2705432;http://www.tropicos.org/Name/2705432
58;Ericaceae;Disterigma;empetrifolium;Disterigma empetrifolium;Disterigma empetrifolium (Kunth) Drude;http://www.mobot.org/MOBOT/paramo/search_paramo.asp?searchFor=;Disterigma+empetrifolium;58. Disterigma empetrifolium (Kunth) Drude;;pink;white;herb;;C. Ulloa;C. Ulloa;2003;Páramo del Cajas, Ecuador;http://www.tropicos.org/Name/;12300816;http://www.tropicos.org/Name/12300816
44;Asteraceae  ;Dorobaea;pimpinellifolia;Dorobaea pimpinellifolia;Dorobaea pimpinellifolia (Kunth) B. Nord.;http://www.mobot.org/MOBOT/paramo/search_paramo.asp?searchFor=;Dorobaea+pimpinellifolia;44. Dorobaea pimpinellifolia (Kunth) B. Nord.;;yellow;;herb;rosette;P. M. J�rgensen;P. M. J�rgensen;2003;Páramo del Cajas, Ecuador;http://www.tropicos.org/Name/;2733220;http://www.tropicos.org/Name/2733220
54;Brassicaceae;Draba;steyermarkii;Draba steyermarkii;Draba steyermarkii Al-Shehbaz;http://www.mobot.org/MOBOT/paramo/search_paramo.asp?searchFor=;Draba+steyermarkii;54. Draba steyermarkii Al-Shehbaz;;pink;;herb;;C. Ulloa;C. Ulloa;2003;Páramo del Cajas, Ecuador;http://www.tropicos.org/Name/;4104861;http://www.tropicos.org/Name/4104861
5;Ephedraceae;Ephedra;americana;Ephedra americana;Ephedra americana Humb. & Bonpl. ex Willd.;http://www.mobot.org/MOBOT/paramo/search_paramo.asp?searchFor=;Ephedra+americana;5. Ephedra americana Willd.;;green;red;herb;;C. Ulloa;C. Ulloa;2003;Páramo del Cajas, Ecuador;http://www.tropicos.org/Name/;14300006;http://www.tropicos.org/Name/14300006
37;Orchidaceae;Epidendrum;tenuicaule;Epidendrum tenuicaule;Epidendrum tenuicaule F. Lehm. & Kraenzl.;http://www.mobot.org/MOBOT/paramo/search_paramo.asp?searchFor=;Epidendrum+tenuicaule;37. Epidendrum tenuicaule F. Lehm. & Kraenzl.;;brown;;herb;;C. Ulloa;C. Ulloa;2003;Páramo del Cajas, Ecuador;http://www.tropicos.org/Name/;23509220;http://www.tropicos.org/Name/23509220
1;Equisetaceae;Equisetum;bogotense;Equisetum bogotense;Equisetum bogotense Kunth;http://www.mobot.org/MOBOT/paramo/search_paramo.asp?searchFor=;Equisetum+bogotense;1. Equisetum bogotense Kunth;;green;;herb;;C. Ulloa;C. Ulloa;2003;Páramo del Cajas, Ecuador;http://www.tropicos.org/Name/;26605510;http://www.tropicos.org/Name/26605510
78;Apiaceae;Eryngium;humile;Eryngium humile;Eryngium humile Cav.;http://www.mobot.org/MOBOT/paramo/search_paramo.asp?searchFor=;Eryngium+humile;78. Eryngium humile Cav.;;purple;green;rosette;;C. Ulloa;C. Ulloa;2003;Páramo del Cajas, Ecuador;http://www.tropicos.org/Name/;1701117;http://www.tropicos.org/Name/1701117
84;Escalloniaceae;Escalonia;myrtilloides;Escalonia myrtilloides;Escallonia myrtilloides L.f.;http://www.mobot.org/MOBOT/paramo/search_paramo.asp?searchFor=;Escalonia+myrtilloides;84. Escalonia myrtilloides L.f.;;green;yellow;shrub;;C. Ulloa;C. Ulloa;2003;Páramo del Cajas, Ecuador;http://www.tropicos.org/Name/;29100693;http://www.tropicos.org/Name/29100693
65;Onagraceae;Fuchsia;vulcanica;Fuchsia vulcanica;Fuchsia vulcanica Andr�;http://www.mobot.org/MOBOT/paramo/search_paramo.asp?searchFor=;Fuchsia+vulcanica;65. Fuchsia vulcanica Andr� Kunth;;pink;;shrub;;C. Ulloa;C. Ulloa;2003;Páramo del Cajas, Ecuador;http://www.tropicos.org/Name/;23200095;http://www.tropicos.org/Name/23200095
50;Rubiaceae;Galium;hypocarpium;Galium hypocarpium;Galium hypocarpium (L.) Endl. ex Griseb.;http://www.mobot.org/MOBOT/paramo/search_paramo.asp?searchFor=;Galium+hypocarpium;50. Galium hypocarpium (L.) Endl. ex Griseb.;;orange;;herb;;C. Ulloa;C. Ulloa;2003;Páramo del Cajas, Ecuador;http://www.tropicos.org/Name/;27909757;http://www.tropicos.org/Name/27909757
81;Gentianaceae;Gentiana;sedifolia;Gentiana sedifolia;Gentiana sedifolia Kunth;http://www.mobot.org/MOBOT/paramo/search_paramo.asp?searchFor=;Gentiana+sedifolia;81. Gentiana sedifolia Kunth;;blue;;herb;;P. M. J�rgensen;P. M. J�rgensen;2003;Páramo del Cajas, Ecuador;http://www.tropicos.org/Name/;13800257;http://www.tropicos.org/Name/13800257
71;Gentianaceae ;Gentianella;cerastioides;Gentianella cerastioides;Gentianella cerastioides (Kunth) Fabris;http://www.mobot.org/MOBOT/paramo/search_paramo.asp?searchFor=;Gentianella+cerastioides;71. Gentianella cerastioides (Kunth) Fabris;;purple;;herb;;P. M. J�rgensen;P. M. J�rgensen;2003;Páramo del Cajas, Ecuador;http://www.tropicos.org/Name/;13800126;http://www.tropicos.org/Name/13800126
47;Gentianaceae;Gentianella;hirculus;Gentianella hirculus;Gentianella hirculus (Griseb.) Fabris;http://www.mobot.org/MOBOT/paramo/search_paramo.asp?searchFor=;Gentianella+hirculus;47. Gentianella hirculus (Griseb.) Fabris;;orange;;herb;;P. M. J�rgensen;P. M. J�rgensen;2003;Páramo del Cajas, Ecuador;http://www.tropicos.org/Name/;13801755;http://www.tropicos.org/Name/13801755
48;Gentianaceae;Gentianella;hyssopofila;Gentianella hyssopofila;Gentianella hyssopofila (Kunth) Fabris;http://www.mobot.org/MOBOT/paramo/search_paramo.asp?searchFor=;Gentianella+hyssopofila;48. Gentianella hyssopofila (Kunth) Fabris;;orange;;herb;;C. Ulloa;C. Ulloa;2003;Páramo del Cajas, Ecuador;http://www.tropicos.org/Name/;13801759;http://www.tropicos.org/Name/13801759
83;Gentianaceae;Gentianella;longibarbata;Gentianella longibarbata;Gentianella longibarbata (Gilg) Fabris;http://www.mobot.org/MOBOT/paramo/search_paramo.asp?searchFor=;Gentianella+longibarbata;83. Gentianella longibarbata (Gilg) Fabris;;green;;herb;;C. Ulloa;C. Ulloa;2003;Páramo del Cajas, Ecuador;http://www.tropicos.org/Name/;13801791;http://www.tropicos.org/Name/13801791
72;Gentianaceae;Gentianella;rapunculoides;Gentianella rapunculoides;Gentianella rapunculoides (Willd. ex Schult.) J. S. Pringle;http://www.mobot.org/MOBOT/paramo/search_paramo.asp?searchFor=;Gentianella+rapunculoides;72. Gentianella rapunculoides (Willd. ex Schult.) J. S. Pringle;;purple;;herb;;C. Ulloa;C. Ulloa;2003;Páramo del Cajas, Ecuador;http://www.tropicos.org/Name/;/13800128;http://www.tropicos.org/Name//13800128
69;Geraniaceae;Geranium;multipartitum;Geranium multipartitum;Geranium multipartitum Benth.;http://www.mobot.org/MOBOT/paramo/search_paramo.asp?searchFor=;Geranium+multipartitum;69. Geranium multipartitum Kunth;;pink;white;rosette;herb;C. Ulloa;C. Ulloa;2003;Páramo del Cajas, Ecuador;http://www.tropicos.org/Name/;13900186;http://www.tropicos.org/Name/13900186
32;Rosaceae;Geum;peruvianum;Geum peruvianum;Geum peruvianum Focke;http://www.mobot.org/MOBOT/paramo/search_paramo.asp?searchFor=;Geum+peruvianum;32. Geum peruvianum Focke;;yellow;;herb;rosette;C. Ulloa;C. Ulloa;2003;Páramo del Cajas, Ecuador;http://www.tropicos.org/Name/;27800530;http://www.tropicos.org/Name/27800530
38;Asteraceae  ;Gynoxys;cuicochensis;Gynoxys cuicochensis;Gynoxys cuicochensis Cuatrec.;http://www.mobot.org/MOBOT/paramo/search_paramo.asp?searchFor=;Gynoxys+cuicochensis;38. Gynoxys cuicochensis Cuatrec.;;yellow;;shrub;;-;-;2003;Páramo del Cajas, Ecuador;http://www.tropicos.org/Name/;2743344;http://www.tropicos.org/Name/2743344
39;Asteraceae  ;Gynoxys;miniphylla;Gynoxys miniphylla;Gynoxys miniphylla Cuatrec.;http://www.mobot.org/MOBOT/paramo/search_paramo.asp?searchFor=;Gynoxys+miniphylla;39. Gynoxys miniphylla Cuatrec.;;yellow;;shrub;;-;-;2003;Páramo del Cajas, Ecuador;http://www.tropicos.org/Name/;2733857;http://www.tropicos.org/Name/2733857
90;Gentianaceae;Halenia;serpyllifolia;Halenia serpyllifolia;Halenia serpyllifolia J. S. Pringle;http://www.mobot.org/MOBOT/paramo/search_paramo.asp?searchFor=;Halenia+serpyllifolia;90. Halenia serpyllifolia J. S. Pringle;;green;;herb;;C. Ulloa;C. Ulloa;2003;Páramo del Cajas, Ecuador;http://www.tropicos.org/Name/;13803175;http://www.tropicos.org/Name/13803175
7;Rosaceae;Hesperomeles;obtusifolia;Hesperomeles obtusifolia;Hesperomeles obtusifolia (Pers.) Lindl.;http://www.mobot.org/MOBOT/paramo/search_paramo.asp?searchFor=;Hesperomeles+obtusifolia;7. Hesperomeles obtusifolia (Pers.) Lindl.;;white ;pink;shrub;;C. Ulloa;C. Ulloa;2003;Páramo del Cajas, Ecuador;http://www.tropicos.org/Name/;27801590;http://www.tropicos.org/Name/27801590
43;Asteraceae ;Hieracium;frigidum;Hieracium frigidum;Hieracium frigidum Wedd.;http://www.mobot.org/MOBOT/paramo/search_paramo.asp?searchFor=;Hieracium+frigidum;43. Hieracium frigidum Wedd.;;yellow;;herb;;C. Ulloa;;2003;Páramo del Cajas, Ecuador;http://www.tropicos.org/Name/;2737073;http://www.tropicos.org/Name/2737073
2;Lycopodiaceae;Huperzia;crassa;Huperzia crassa;Huperzia crassa (Humb. & Bonpl. ex Willd.) Rothm.;http://www.mobot.org/MOBOT/paramo/search_paramo.asp?searchFor=;Huperzia+crassa;2. Huperzia crassa (Willd.) Rothm.;;pink;red;herb;;-;C. Ulloa;2003;Páramo del Cajas, Ecuador;http://www.tropicos.org/Name/;26608478;http://www.tropicos.org/Name/26608478
35;Hypericaceae;Hypericum;aciculare;Hypericum aciculare;Hypericum aciculare Kunth;http://www.mobot.org/MOBOT/paramo/search_paramo.asp?searchFor=;Hypericum+aciculare;35. Hypericum aciculare Kunth;;yellow;;shrub;;C. Ulloa;C. Ulloa;2003;Páramo del Cajas, Ecuador;http://www.tropicos.org/Name/;7800273;http://www.tropicos.org/Name/7800273
46;Asteraceae  ;Hypochaeris;sessiliflora;Hypochaeris sessiliflora;Hypochaeris sessiliflora Kunth;http://www.mobot.org/MOBOT/paramo/search_paramo.asp?searchFor=;Hypochaeris+sessiliflora;46. Hypochaeris sessiliflora Kunth;;white;yellow;rosette;;C. Ulloa;C. Ulloa;2003;Páramo del Cajas, Ecuador;http://www.tropicos.org/Name/;2702714;http://www.tropicos.org/Name/2702714
3;Isoëtaceae;Isoëtes;novo-granadensis;Isoëtes novo-granadensis;Isoëtes novo-granadensis H. P. Fuchs;http://www.mobot.org/MOBOT/paramo/search_paramo.asp?searchFor=;Isoëtes+novo-granadensis;3. Isoëtes novo-granadensis H. P. Fuchs;;green;;acquatic;herb;C. Ulloa;C. Ulloa;2003;Páramo del Cajas, Ecuador;http://www.tropicos.org/Name/;26619689;http://www.tropicos.org/Name/26619689
4;Pteridaceae;Jamesonia;goudotii;Jamesonia goudotii;Jamesonia goudotii (Hieron.) C. Chr.;http://www.mobot.org/MOBOT/paramo/search_paramo.asp?searchFor=;Jamesonia+goudotii;4. Jamesonia goudotii (Hieron.) C. Chr.;;green;;herb;;-;-;2003;Páramo del Cajas, Ecuador;http://www.tropicos.org/Name/;26606391;http://www.tropicos.org/Name/26606391
56;Rosaceae;Lachemilla;hispidula;Lachemilla hispidula;Lachemilla hispidula (L. M. Perry) Rothm.;http://www.mobot.org/MOBOT/paramo/search_paramo.asp?searchFor=;Lachemilla+hispidula;56. Lachemilla hispidula (L. M. Perry) Rothm.;;pink;;herb;;-;-;2003;Páramo del Cajas, Ecuador;http://www.tropicos.org/Name/;27806115;http://www.tropicos.org/Name/27806115
91;Rosaceae;Lachemilla;orbiculata;Lachemilla orbiculata;Lachemilla orbiculata (Ruiz & Pav.) Rydb.;http://www.mobot.org/MOBOT/paramo/search_paramo.asp?searchFor=;Lachemilla+orbiculata;91. Lachemilla orbiculata (Ruiz & Pav.) Rydb.;;green;pink;rosette;;C. Ulloa;C. Ulloa;2003;Páramo del Cajas, Ecuador;http://www.tropicos.org/Name/;27801673;http://www.tropicos.org/Name/27801673
28;Asteraceae ;Loricaria;thuyoides;Loricaria thuyoides;Loricaria thuyoides (Lam.) Sch. Bip.;http://www.mobot.org/MOBOT/paramo/search_paramo.asp?searchFor=;Loricaria+thuyoides;28. Loricaria thuyoides (Lam.) Sch. Bip.;;white;brown;shrub;;C. Ulloa;C. Ulloa;2003;Páramo del Cajas, Ecuador;http://www.tropicos.org/Name/;2727069;http://www.tropicos.org/Name/2727069
76;Fabaceae;Lupinus;microphyllus;Lupinus microphyllus;Lupinus microphyllus Desr.;http://www.mobot.org/MOBOT/paramo/search_paramo.asp?searchFor=;Lupinus+microphyllus;76. Lupinus microphyllus Desr.;;purple;;shrub;;P. M. J�rgensen;P. M. J�rgensen;2003;Páramo del Cajas, Ecuador;http://www.tropicos.org/Name/;13037051;http://www.tropicos.org/Name/13037051
11;Campanulaceae;Lysipomia;vitreola;Lysipomia vitreola;Lysipomia vitreola McVaugh;http://www.mobot.org/MOBOT/paramo/search_paramo.asp?searchFor=;Lysipomia+vitreola;11. Lysipomia vitreola McVaugh;;white;;cushion;;C. Ulloa;C. Ulloa;2003;Páramo del Cajas, Ecuador;http://www.tropicos.org/Name/;5502024;http://www.tropicos.org/Name/5502024
12;Melastomataceae;Miconia;chionophila;Miconia chionophila;Miconia chionophila Naudin;http://www.mobot.org/MOBOT/paramo/search_paramo.asp?searchFor=;Miconia+chionophila;12. Miconia chionophila Naud.;;white;;herb;cushion;C. Ulloa;C. Ulloa;2003;Páramo del Cajas, Ecuador;http://www.tropicos.org/Name/;20301006;http://www.tropicos.org/Name/20301006
13;Melastomataceae;Miconia;salicifolia;Miconia salicifolia;Miconia salicifolia (Bonpl. ex Naudin) Naudin;http://www.mobot.org/MOBOT/paramo/search_paramo.asp?searchFor=;Miconia+salicifolia;13. Miconia salicifolia (Bonpl. ex Naudin) Naudin;;white;;shrub;;C. Ulloa;C. Ulloa;2003;Páramo del Cajas, Ecuador;http://www.tropicos.org/Name/;20302462;http://www.tropicos.org/Name/20302462
75;Polygalaceae;Monnina;crassifolia;Monnina crassifolia;Monnina crassifolia (Bonpl.) Kunth;http://www.mobot.org/MOBOT/paramo/search_paramo.asp?searchFor=;Monnina+crassifolia;75. Monnina crassifolia (Bonpl.) Kunth;;purple;;shrub;;C. Ulloa;C. Ulloa;2003;Páramo del Cajas, Ecuador;http://www.tropicos.org/Name/;25900130;http://www.tropicos.org/Name/25900130
96;Haloragaceae;Myriophyllum;quitense;Myriophyllum quitense;Myriophyllum quitense Kunth;http://www.mobot.org/MOBOT/paramo/search_paramo.asp?searchFor=;Myriophyllum+quitense;96. Myriophyllum quitense Kunth;;brown;green;acquatic;;C. Ulloa;C. Ulloa;2003;Páramo del Cajas, Ecuador;http://www.tropicos.org/Name/;15000089;http://www.tropicos.org/Name/15000089
98;Poaceae o Gramineae;Chusquea/Neurolepis;villosa;Neurolepis villosa;Neurolepis villosa L. G. Clark;http://www.mobot.org/MOBOT/paramo/search_paramo.asp?searchFor=;Neurolepis+villosa;98. Neurolepis villosa L. G. Clark;;brown;;grass;herb;C. Ulloa;C. Ulloa;2003;Páramo del Cajas, Ecuador;http://www.tropicos.org/Name/;50077093;http://www.tropicos.org/Name/50077093
73;Malvaceae;Nototriche;hartwegii;Nototriche hartwegii;Nototriche hartwegii A. W. Hill;http://www.mobot.org/MOBOT/paramo/search_paramo.asp?searchFor=;Nototriche+hartwegii;73. Nototriche hartwegii A. W. Hill;;purple;;cushion;;C. Ulloa;C. Ulloa;2003;Páramo del Cajas, Ecuador;http://www.tropicos.org/Name/;19600568;http://www.tropicos.org/Name/19600568
22;Asteraceae ;Oritrophium;crocifolium;Oritrophium crocifolium;Oritrophium crocifolium (Kunth) Cuatrec.;http://www.mobot.org/MOBOT/paramo/search_paramo.asp?searchFor=;Oritrophium+crocifolium;22. Oritrophium crocifolium (Lam.) Cuatrec.;;white;yellow;herb;rosette;C. Ulloa;C. Ulloa;2003;Páramo del Cajas, Ecuador;http://www.tropicos.org/Name/;2738138;http://www.tropicos.org/Name/2738138
64;Plantaginaceae;Ourisia;chamaedrifolia;Ourisia chamaedrifolia;Ourisia chamaedrifolia Benth.;http://www.mobot.org/MOBOT/paramo/search_paramo.asp?searchFor=;Ourisia+chamaedrifolia;64. Ourisia chamaedrifolia Benth.;;pink;;rosette;herb;P. M. J�rgensen;P. M. J�rgensen;2003;Páramo del Cajas, Ecuador;http://www.tropicos.org/Name/;29202277;http://www.tropicos.org/Name/29202277
31;Oxalidaceae;Oxalis;phaeotricha;Oxalis phaeotricha;Oxalis phaeotricha Diels;http://www.mobot.org/MOBOT/paramo/search_paramo.asp?searchFor=;Oxalis+phaeotricha;31. Oxalis phaeotricha Diels;;yellow;;herb;;C. Ulloa;C. Ulloa;2003;Páramo del Cajas, Ecuador;http://www.tropicos.org/Name/;23700365;http://www.tropicos.org/Name/23700365
100;Poaceae o Gramineae;Paspalum;bonplandianum;Paspalum bonplandianum;Paspalum bonplandianum Fl�gg�;http://www.mobot.org/MOBOT/paramo/search_paramo.asp?searchFor=;Paspalum+bonplandianum;100. Paspalum bonplandianum Fl�gg�;;brown;;grass;herb;P. M. J�rgensen;P. M. J�rgensen;2003;Páramo del Cajas, Ecuador;http://www.tropicos.org/Name/;25513101;http://www.tropicos.org/Name/25513101
67;Passifloraceae;Passiflora;cumbalensis;Passiflora cumbalensis;Passiflora cumbalensis (H. Karst.) Harms;http://www.mobot.org/MOBOT/paramo/search_paramo.asp?searchFor=;Passiflora+cumbalensis;67. Passiflora cumbalensis (Karst.) Harms;;pink;purple;liana;;C. Ulloa;C. Ulloa;2003;Páramo del Cajas, Ecuador;http://www.tropicos.org/Name/;24200022;http://www.tropicos.org/Name/24200022
62;Orobanchaceae ;Pedicularis;incurva;Pedicularis incurva;Pedicularis incurva Benth.;http://www.mobot.org/MOBOT/paramo/search_paramo.asp?searchFor=;Pedicularis+incurva;62. Pedicularis incurva Benth.;;pink;;herb;;C. Ulloa;C. Ulloa;2003;Páramo del Cajas, Ecuador;http://www.tropicos.org/Name/;29206498;http://www.tropicos.org/Name/29206498
40;Asteraceae ;Pentacalia;arbutifolia;Pentacalia arbutifolia;Pentacalia arbutifolia (Kunth) Cuatrec.;http://www.mobot.org/MOBOT/paramo/search_paramo.asp?searchFor=;Pentacalia+arbutifolia;40. Pentacalia arbutifolia (Kunth) Cuatrec.;;yellow;;shrub;;-;-;2003;Páramo del Cajas, Ecuador;http://www.tropicos.org/Name/;2733350;http://www.tropicos.org/Name/2733350
41;Asteraceae  ;Pentacalia;vacciniodes;Pentacalia vacciniodes;Pentacalia vacciniodes (Kunth) Cuatrec.;http://www.mobot.org/MOBOT/paramo/search_paramo.asp?searchFor=;Pentacalia+vacciniodes;41. Pentacalia vacciniodes (Kunth) Cuatrec.;;yellow;;shrub;;-;;2003;Páramo del Cajas, Ecuador;http://www.tropicos.org/Name/;2733432;http://www.tropicos.org/Name/2733432
52;Piperaceae;Peperomia;graveolens;Peperomia graveolens;Peperomia graveolens Rauh & Barthlott;http://www.mobot.org/MOBOT/paramo/search_paramo.asp?searchFor=;Peperomia+graveolens;52. Peperomia graveolens Rauh & Barthlott;;brown;green;herb;;C. Ulloa;C. Ulloa;2003;Páramo del Cajas, Ecuador;http://www.tropicos.org/Name/;25004174;http://www.tropicos.org/Name/25004174
79;Asteraceae  ;Perezia;pungens;Perezia pungens;Perezia pungens (Bonpl.) Less.;http://www.mobot.org/MOBOT/paramo/search_paramo.asp?searchFor=;Perezia+pungens;79. Perezia pungens (Humb. & Bonpl.) Less.;;purple;;rosette;herb;C. Ulloa;C. Ulloa;2003;Páramo del Cajas, Ecuador;http://www.tropicos.org/Name/;2707362;http://www.tropicos.org/Name/2707362
14;Ericaceae;Pernettya;prostrata;Pernettya prostrata;Pernettya prostrata (Cav.) DC.;http://www.mobot.org/MOBOT/paramo/search_paramo.asp?searchFor=;Pernettya+prostrata;14. Pernettya prostrata (Cav.) DC.;;white;pink;shrub;;C. Ulloa;C. Ulloa;2003;Páramo del Cajas, Ecuador;http://www.tropicos.org/Name/;50066293;http://www.tropicos.org/Name/50066293
74;Lentibulariaceae;Pinguicula;calyptrata;Pinguicula calyptrata;Pinguicula calyptrata Kunth;http://www.mobot.org/MOBOT/paramo/search_paramo.asp?searchFor=;Pinguicula+calyptrata;74. Pinguicula calyptrata Kunth;;purple;;rosette;herb;C. Ulloa;C. Ulloa;2003;Páramo del Cajas, Ecuador;http://www.tropicos.org/Name/;18300017;http://www.tropicos.org/Name/18300017
93;Plantaginaceae;Plantago;australis;Plantago australis;Plantago australis Lam.;http://www.mobot.org/MOBOT/paramo/search_paramo.asp?searchFor=;Plantago+australis;93. Plantago australis Lam.;;brown;green;herb;;C. Ulloa;C. Ulloa;2003;Páramo del Cajas, Ecuador;http://www.tropicos.org/Name/;25200077;http://www.tropicos.org/Name/25200077
87;Plantaginaceae ;Plantago;rigida;Plantago rigida;Plantago rigida Kunth;http://www.mobot.org/MOBOT/paramo/search_paramo.asp?searchFor=;Plantago+rigida;87. Plantago rigida Kunth;;brown;green;herb;;C. Ulloa;C. Ulloa;2003;Páramo del Cajas, Ecuador;http://www.tropicos.org/Name/;25200233;http://www.tropicos.org/Name/25200233
51;Orchidaceae;Pleurothallis;coriacardia;Pleurothallis coriacardia;Pleurothallis coriacardia Rchb. f.;http://www.mobot.org/MOBOT/paramo/search_paramo.asp?searchFor=;Pleurothallis+coriacardia;51. Pleurothallis coriacardia Rchb. f.;;brown;;herb;;C. Ulloa;C. Ulloa;2003;Páramo del Cajas, Ecuador;http://www.tropicos.org/Name/;23508782;http://www.tropicos.org/Name/23508782
92;Rosaceae;Polylepis;reticulata;Polylepis reticulata;Polylepis reticulata Hieron.;http://www.mobot.org/MOBOT/paramo/search_paramo.asp?searchFor=;Polylepis+reticulata;92. Polylepis reticulata Kunth;;green;;tree;;C. Ulloa;C. Ulloa;2003;Páramo del Cajas, Ecuador;http://www.tropicos.org/Name/;27800836;http://www.tropicos.org/Name/27800836
95;Potamogetonaceae;Potamogeton;paramoanus;Potamogeton paramoanus;Potamogeton paramoanus R.R. Haynes & Holm-Nielsen;http://www.mobot.org/MOBOT/paramo/search_paramo.asp?searchFor=;Potamogeton+paramoanus;95. Potamogeton paramoanus Haynes & Holm-Nielsen;;brown;;acquatic;;C. Ulloa;C. Ulloa;2003;Páramo del Cajas, Ecuador;http://www.tropicos.org/Name/;26300337;http://www.tropicos.org/Name/26300337
33;Rosaceae;Potentilla;dombeyi;Potentilla dombeyi;Potentilla dombeyi Nestl.;http://www.mobot.org/MOBOT/paramo/search_paramo.asp?searchFor=;Potentilla+dombeyi;33. Potentilla dombeyi Nestl.;;yellow;;herb;;C. Ulloa;C. Ulloa;2003;Páramo del Cajas, Ecuador;http://www.tropicos.org/Name/;27800748;http://www.tropicos.org/Name/27800748
82;Bromeliaceae;Puya;clava-herculis;Puya clava-herculis;Puya clava-herculis Mez & Sodiro;http://www.mobot.org/MOBOT/paramo/search_paramo.asp?searchFor=;Puya+clava-herculis;82. Puya clava-herculis Mez & Sodiro;;blue;;rosette;;C. Ulloa;C. Ulloa;2003;Páramo del Cajas, Ecuador;http://www.tropicos.org/Name/;4302804;http://www.tropicos.org/Name/4302804
94;Ranunculaceae ;Ranunculus;flagelliformis;Ranunculus flagelliformis;Ranunculus flagelliformis Sm.;http://www.mobot.org/MOBOT/paramo/search_paramo.asp?searchFor=;Ranunculus+flagelliformis;94. Ranunculus flagelliformis Sm.;;yellow;;acquatic;;C. Ulloa;C. Ulloa;2003;Páramo del Cajas, Ecuador;http://www.tropicos.org/Name/;27100571;http://www.tropicos.org/Name/27100571
34;Ranunculaceae ;Ranunculus;praemorsus;Ranunculus praemorsus;Ranunculus peruvianus Pers.;http://www.mobot.org/MOBOT/paramo/search_paramo.asp?searchFor=;Ranunculus+praemorsus;34. Ranunculus peruvianus Pers.;;yellow;;herb;;C. Ulloa;C. Ulloa;2003;Páramo del Cajas, Ecuador;http://www.tropicos.org/Name/;27101034;http://www.tropicos.org/Name/27101034
63;Grossulariaceae;Ribes;lehmannii;Ribes lehmannii;Ribes lehmannii Janc.;http://www.mobot.org/MOBOT/paramo/search_paramo.asp?searchFor=;Ribes+lehmannii;63. Ribes lehmannii Janc.;;pink;red;shrub;;C. Ulloa;C. Ulloa;2003;Páramo del Cajas, Ecuador;http://www.tropicos.org/Name/;29100299;http://www.tropicos.org/Name/29100299
55;Rosaceae;Rubus;coriaceus;Rubus coriaceus;Rubus coriaceus Poir.;http://www.mobot.org/MOBOT/paramo/search_paramo.asp?searchFor=;Rubus+coriaceus;55. Rubus coriaceus Poir.;;pink;;shrub;;C. Ulloa;C. Ulloa;2003;Páramo del Cajas, Ecuador;http://www.tropicos.org/Name/;27800796;http://www.tropicos.org/Name/27800796
97;Cyperaceae;Scirpus;rigidus;Scirpus rigidus;Scirpus rigidus Boeck;http://www.mobot.org/MOBOT/paramo/search_paramo.asp?searchFor=;Scirpus+rigidus;97. Scirpus rigidus Boeck;;brown;;acquatic;;C. Ulloa;C. Ulloa;2003;Páramo del Cajas, Ecuador;http://www.tropicos.org/Name/;9902187;http://www.tropicos.org/Name/9902187
42;Asteraceae ;Senecio;chionogeton;Senecio chionogeton;Senecio chionogeton Wedd.;http://www.mobot.org/MOBOT/paramo/search_paramo.asp?searchFor=;Senecio+chionogeton;42. Senecio chionogeton Wedd.;;yellow;;herb;;C. Ulloa;C. Ulloa;2003;Páramo del Cajas, Ecuador;http://www.tropicos.org/Name/;2743430;http://www.tropicos.org/Name/2743430
29;Iridaceae;Sisyrinchium;palustre;Sisyrinchium palustre;Sisyrinchium palustre Diels;http://www.mobot.org/MOBOT/paramo/search_paramo.asp?searchFor=;Sisyrinchium+palustre;29. Sisyrinchium palustre Diels;;yellow;;herb;;C. Ulloa;C. Ulloa;2003;Páramo del Cajas, Ecuador;http://www.tropicos.org/Name/;16600587;http://www.tropicos.org/Name/16600587
60;Lamiaceae ;Stachys;elliptica;Stachys elliptica;Stachys elliptica Kunth;http://www.mobot.org/MOBOT/paramo/search_paramo.asp?searchFor=;Stachys+elliptica;60. Stachys elliptica Kunth;;pink;purple;rosette;;C. Ulloa;C. Ulloa;2003;Páramo del Cajas, Ecuador;http://www.tropicos.org/Name/;17601420;http://www.tropicos.org/Name/17601420
57;Ericaceae;Vaccinium;floribundum;Vaccinium floribundum;Vaccinium floribundum Kunth;http://www.mobot.org/MOBOT/paramo/search_paramo.asp?searchFor=;Vaccinium+floribundum;57. Vaccinium floribundum Kunth;;pink;white;shrub;;C. Ulloa;C. Ulloa;2003;Páramo del Cajas, Ecuador;http://www.tropicos.org/Name/;12300488;http://www.tropicos.org/Name/12300488
15;Valerianaceae;Valeriana;cernua;Valeriana cernua;Valeriana cernua B. Eriksen;http://www.mobot.org/MOBOT/paramo/search_paramo.asp?searchFor=;Valeriana+cernua;15. Valeriana cernua Eriksen;;white;;herb;rosette;C. Ulloa;C. Ulloa;2003;Páramo del Cajas, Ecuador;http://www.tropicos.org/Name/;33500749;http://www.tropicos.org/Name/33500749
19;Valerianaceae;Valeriana;henricii;Valeriana henricii;Valeriana henricii (Graebn.) Eriksen;http://www.mobot.org/MOBOT/paramo/search_paramo.asp?searchFor=;Valeriana+henricii;19. Valeriana henricii (Graebn.) Eriksen;;white;;rosette;herb;-;C. Ulloa;2003;Páramo del Cajas, Ecuador;http://www.tropicos.org/Name/;33500711;http://www.tropicos.org/Name/33500711
16;Valerianaceae;Valeriana;microphylla;Valeriana microphylla;Valeriana microphylla Kunth;http://www.mobot.org/MOBOT/paramo/search_paramo.asp?searchFor=;Valeriana+microphylla;16. Valeriana microphylla Kunth;;white;;shrub;;C. Ulloa;C. Ulloa;2003;Páramo del Cajas, Ecuador;http://www.tropicos.org/Name/;33500229;http://www.tropicos.org/Name/33500229
17;Valerianaceae ;Valeriana;plantaginea;Valeriana plantaginea;Valeriana plantaginea Kunth;http://www.mobot.org/MOBOT/paramo/search_paramo.asp?searchFor=;Valeriana+plantaginea;17. Valeriana plantaginea Kunth;;white;;herb;rosette;C. Ulloa;C. Ulloa;2003;Páramo del Cajas, Ecuador;http://www.tropicos.org/Name/;33500246;http://www.tropicos.org/Name/33500246
20;Valerianaceae;Valeriana;rigida;Valeriana rigida;Valeriana rigida Ruiz & Pav.;http://www.mobot.org/MOBOT/paramo/search_paramo.asp?searchFor=;Valeriana+rigida;20. Valeriana rigida Ruiz & Pav.;;white;;cushion;rosette;-;C. Ulloa;2003;Páramo del Cajas, Ecuador;http://www.tropicos.org/Name/;33500386;http://www.tropicos.org/Name/33500386
18;Valerianaceae;Valeriana;secunda;Valeriana secunda;Valeriana secunda B. Eriksen;http://www.mobot.org/MOBOT/paramo/search_paramo.asp?searchFor=;Valeriana+secunda;18. Valeriana secunda Eriksen;;white;;herb;rosette;-;C. Ulloa;2003;Páramo del Cajas, Ecuador;http://www.tropicos.org/Name/;33500758;http://www.tropicos.org/Name/33500758
8;Violaceae;Viola;pygmea;Viola pygmea;Viola pygmaea Juss. ex Poir.;http://www.mobot.org/MOBOT/paramo/search_paramo.asp?searchFor=;Viola+pygmea;8. Viola pygmea Poir.;;purple;white;cushion;;C. Ulloa;C. Ulloa;2003;Páramo del Cajas, Ecuador;http://www.tropicos.org/Name/;33800244;http://www.tropicos.org/Name/33800244
23;Asteraceae ;Werneria;nubigena;Werneria nubigena;Werneria nubigena Kunth;http://www.mobot.org/MOBOT/paramo/search_paramo.asp?searchFor=;Werneria+nubigena;23. Werneria nubigena Kunth;;white;;cushion;rosette;C. Ulloa;C. Ulloa;2003;Páramo del Cajas, Ecuador;http://www.tropicos.org/Name/;2711495;http://www.tropicos.org/Name/2711495
45;Asteraceae ;Werneria;pumila;Werneria pumila;Werneria pumila Kunth;http://www.mobot.org/MOBOT/paramo/search_paramo.asp?searchFor=;Werneria+pumila;45. Werneria pumila Kunth;;yellow;;herb;rosette;C. Ulloa;C. Ulloa;2003;Páramo del Cajas, Ecuador;http://www.tropicos.org/Name/;2709070;http://www.tropicos.org/Name/2709070
24;Asteraceae ;Werneria;pygmaea;Werneria pygmaea;Werneria pygmaea Gillies ex Hook. & Arn.;http://www.mobot.org/MOBOT/paramo/search_paramo.asp?searchFor=;Werneria+pygmaea;24. Werneria pygmaea Gillies ex Hook. & Arn.;;white;yellow;cushion;rosette;-;-;2003;Páramo del Cajas, Ecuador;http://www.tropicos.org/Name/;2723559;http://www.tropicos.org/Name/2723559
25;Asteraceae ;Xenophyllum;humile;Xenophyllum humile;Xenophyllum humile (Kunth). V.A. Funk;http://www.mobot.org/MOBOT/paramo/search_paramo.asp?searchFor=;Xenophyllum+humile;25. Xenophyllum humile (Kunth). V.A. Funk;;white;yellow;rosette;herb;-;-;2003;Páramo del Cajas, Ecuador;http://www.tropicos.org/Name/;50101822;http://www.tropicos.org/Name/50101822
68;Asteraceae  ;Xenophyllum;roseum;Xenophyllum roseum;Xenophyllum roseum (Hieron.) V. A. Funk;http://www.mobot.org/MOBOT/paramo/search_paramo.asp?searchFor=;Xenophyllum+roseum;68. Xenophyllum roseum (Hieron.) V. A. Funk;;pink;yellow;cushion;;C. Ulloa;C. Ulloa;2003;Páramo del Cajas, Ecuador;http://www.tropicos.org/Name/;50101826;http://www.tropicos.org/Name/50101826
